スキンケア用品,ナチュリエ　ハトムギ化粧水,715
スキンケア用品,ちふれ　美白乳液VC,880
下地,なめらか本舗　薬用純白スキンケアUV下地〈美容液・化粧下地〉,1100
下地,PAUL&JOE　プロテクティングファンデーションプライマー 01〈日焼け止め用化粧下地・美容液〉,3850
下地,Wonjungyo　トーンアップベース 01 ピーチピンク〈化粧下地〉,1430
下地,Wonjungyo　トーンアップベース 02 ライムイエロー〈化粧下地〉,1430
下地,キャンディドール　ブライトピュアベースCC〈ラベンダー〉,1540
下地,アネッサ　パーフェクトUVスキンケアミルク〈日焼け止め用乳液〉,3300
下地,3CE　ホワイトミルククリーム,2470
コンシーラー,キャンメイク　カラーミキシングコンシーラー 01 ライトベージュ,825
コンシーラー,The SAEM　カバーパーフェクションチップコンシーラー ブライトナー,720
コンシーラー,エクセル　サイレントグロウコンシーラー SG01〈ピンクグロウ〉,1650
ファンデーション,Wonjungyo　フィッティングクッション ラスティング 01 ペールピンク,2420
フェイスパウダー,innisfree　ノーセバムミネラルパクト,1320
フェイスパウダー,VT　CICAノーセバムマイルドパウダー,750
アイシャドウ,キャンメイク　アイシャドウベース PP ピンクパール,550
アイシャドウ,A'pieu　フルショットアンリミテットアイパレット 01 From Birth,2970
アイシャドウ,Wonjungyo W デイリームードアップパレット 01 ソフトモーブピンク,2420
アイシャドウ,ケイト　クラッシュダイヤモンドアイズ OR-1,1320
アイシャドウ,ケイト　クラッシュダイヤモンドアイズ BR-2,1320
アイシャドウ,Etude House　プレイカラーアイシャドウ ワインパーティー,2750
アイシャドウ,エクセル　リアルクローズシャドウ CS03〈ローズピンヒール〉,1650
アイシャドウ,ケイト　ブラウンシェードアイズ BR-2,1200
アイシャドウ,MAC　ダズルシャドウ レッツロール,3190
アイシャドウ,MAC　スモールアイシャドウ ソバ,2970
アイシャドウ,MAC　スモールアイシャドウ ヌードモデル,2970
アイシャドウ,Etude　ルックアットマイアイカフェ BR419,506
アイシャドウ,ファシオ　パーフェクトウィンクアイズ(なじみタイプ) PK-5,1100
グリッター,Etude　ティア―アイライナー PK002,858
グリッター,MAC　ダズルアイシャドウ リキッドブリンキング ブリリアント,3630
グリッター,シピシピ　グリッターイルミネーションライナー 02 トゥインクルスター,1320
アイライナー,Chacott　パワーフィットアイライナー〈ブラウン〉,1650
アイライナー,セザンヌ　描くふたえアイライナー 20 影用グレージュ,660
アイライナー,キャンメイク　3wayスリムアイルージュライナー 01 ピュアレッド,770
マスカラ,Wonjungyo　ヌードアイラッシュ 02シアーブラウン,1430
マスカラ,ヒロインメイク　ボリューム&カールマスカラスーパーWP 01,1320
マスカラ,ZEESEA　ダイヤモンドカラーマスカラ,1969
アイブロウ,キャンメイク　カラーチェンジアイブロウ 03 ココアブラウン,550
アイブロウ,キャンメイク　カラーチェンジアイブロウ 07 さくらブラウン,550
ハイライト,セザンヌ　パールグロウハイライト 03 オーロラミント,660
シェーディング,キャンメイク　シェーディングパウダー 04 アイスグレーブラウン,748
チーク,セザンヌ　ナチュラルチーク15,396
リップ,ケイト　リップモンスター 05【ダークフィグ】,1540
リップ,ケイト　リップモンスター 07【ラスボス】,1540
リップ,ケイト　リップモンスター 09【水晶玉のマダム】,1540
リップ,rom&nd　ジューシーラスティングティント 06 FIGFIG,1320
リップ,rom&nd　ジューシーラスティングティント 07 JUJUBE,1320
リップ,セザンヌ　ウォータリーティントリップ 01 ナチュラルピンク,660
リップ,レブロン　マットバーム 980 チェリーインザスノー,1320
リップ,リンメル　ラスティングフィニッシュオイルモイストティント C009,1760
リップ,Peripera　インクザベルベット 10 Bettet Orange,1080
リップ,Peripera　インクザベルベット 01 Good Brick,1080
リップ,rom&nd　ゼロベルベットティント 11 Flare,1320
リップ,Wonjungyo　リップステッカー 04 バーニングモーブ,1430
リップ,メディア　ブライトアップルージュ PK-03,1210
リップ,ケイト　カラーハイビジョンルージュRD-1,1200
リップ,セザンヌ　カラーティントリップ CT3 ローズ系,660
リップ,shu uemura　ルージュアンリミテッド マットPK376,4070
リップ,セザンヌ　ラスティンググロスリップ RD1,538
リップ,セザンヌ　ラスティンググロスリップ PK13,528
リップ,ちふれ　口紅578,385
リップ,MAYBELLINE　シャインコンパルジョン SRD01 RED HOT LUST,1540